{
	"info": {
		"_postman_id": "fdf63d59-584e-4df4-8eea-877aa9e7fca4",
		"name": "user",
		"schema": "https://schema.getpostman.com/json/collection/v2.1.0/collection.json",
		"_exporter_id": "17574990"
	},
	"item": [
		{
			"name": "Register",
			"request": {
				"method": "POST",
				"header": [],
				"body": {
					"mode": "raw",
					"raw": "{\r\n    \"firstName\" : \"Umair\" ,\r\n    \"lastName\" : \"Ahmad\" ,\r\n    \"email\" : \"umair@gmail.com\" ,\r\n    \"phone\" : \"0933920223443\" ,\r\n    \"password\" : \"user1234\",\r\n    \"location\" : \"US\"\r\n}",
					"options": {
						"raw": {
							"language": "json"
						}
					}
				},
				"url": {
					"raw": "{{URL}}/user/register",
					"host": [
						"{{URL}}"
					],
					"path": [
						"user",
						"register"
					]
				}
			},
			"response": []
		},
		{
			"name": "Login",
			"request": {
				"method": "POST",
				"header": [],
				"body": {
					"mode": "raw",
					"raw": "{\r\n    \"email\" : \"test@gmail.com\" ,\r\n    \"password\" : \"user1234\"\r\n}",
					"options": {
						"raw": {
							"language": "json"
						}
					}
				},
				"url": {
					"raw": "http://13.233.206.176:4400/api/user/login",
					"protocol": "http",
					"host": [
						"13",
						"233",
						"206",
						"176"
					],
					"port": "4400",
					"path": [
						"api",
						"user",
						"login"
					]
				}
			},
			"response": []
		},
		{
			"name": "Profile",
			"request": {
				"method": "GET",
				"header": [],
				"url": {
					"raw": "{{URL}}/user/profile",
					"host": [
						"{{URL}}"
					],
					"path": [
						"user",
						"profile"
					]
				}
			},
			"response": []
		},
		{
			"name": "Update Profile",
			"request": {
				"method": "PUT",
				"header": [],
				"body": {
					"mode": "raw",
					"raw": "{\r\n    \"firstName\" : \"test up\"\r\n}",
					"options": {
						"raw": {
							"language": "json"
						}
					}
				},
				"url": {
					"raw": "{{URL}}/user/profile",
					"host": [
						"{{URL}}"
					],
					"path": [
						"user",
						"profile"
					]
				}
			},
			"response": []
		},
		{
			"name": "Update password",
			"request": {
				"method": "PUT",
				"header": [],
				"body": {
					"mode": "raw",
					"raw": "{\r\n    \"oldPassword\" : \"user1234\" ,\r\n    \"newPassword\" : \"user12345\" ,\r\n    \"passwordConfirm\" : \"user12345\"\r\n}",
					"options": {
						"raw": {
							"language": "json"
						}
					}
				},
				"url": {
					"raw": "{{URL}}/user/update-password",
					"host": [
						"{{URL}}"
					],
					"path": [
						"user",
						"update-password"
					]
				}
			},
			"response": []
		},
		{
			"name": "Logout",
			"request": {
				"method": "GET",
				"header": [],
				"url": {
					"raw": "{{URL}}/user/logout",
					"host": [
						"{{URL}}"
					],
					"path": [
						"user",
						"logout"
					]
				}
			},
			"response": []
		},
		{
			"name": "New Request",
			"request": {
				"method": "GET",
				"header": []
			},
			"response": []
		}
	]
}