{
	"info": {
		"_postman_id": "ea6de16e-1e32-4644-8984-c378ba4adcb4",
		"name": "Coupons",
		"schema": "https://schema.getpostman.com/json/collection/v2.1.0/collection.json",
		"_exporter_id": "17574990"
	},
	"item": [
		{
			"name": "Create Coupon",
			"request": {
				"method": "POST",
				"header": [],
				"body": {
					"mode": "raw",
					"raw": "{\r\n    \"name\" : \"test coupon\" ,\r\n    \"couponType\" : \"firstOrder\" ,\r\n    \"discountType\" : \"percentage\" ,\r\n    \"discount\" : 10 ,\r\n    \"minOrder\" : 1000 ,\r\n    \"isActive\" : true ,\r\n    \"startDate\" : \"12 june 2023\" ,\r\n    \"endDate\" : \"14 june 2023\"\r\n}",
					"options": {
						"raw": {
							"language": "json"
						}
					}
				},
				"url": {
					"raw": "{{URL}}/coupon",
					"host": [
						"{{URL}}"
					],
					"path": [
						"coupon"
					]
				}
			},
			"response": []
		},
		{
			"name": "Get All Coupons",
			"request": {
				"method": "GET",
				"header": [],
				"url": {
					"raw": "{{URL}}/coupon",
					"host": [
						"{{URL}}"
					],
					"path": [
						"coupon"
					]
				}
			},
			"response": []
		},
		{
			"name": "Get Single Coupon",
			"request": {
				"method": "GET",
				"header": [],
				"url": {
					"raw": "{{URL}}/coupon/647f3f9939843378c1a07f4f",
					"host": [
						"{{URL}}"
					],
					"path": [
						"coupon",
						"647f3f9939843378c1a07f4f"
					]
				}
			},
			"response": []
		},
		{
			"name": "Update Coupon",
			"request": {
				"method": "PUT",
				"header": [],
				"body": {
					"mode": "raw",
					"raw": "{\r\n    \"discount\" : 15\r\n}",
					"options": {
						"raw": {
							"language": "json"
						}
					}
				},
				"url": {
					"raw": "{{URL}}/coupon/647f490bea55b1e57c669f03",
					"host": [
						"{{URL}}"
					],
					"path": [
						"coupon",
						"647f490bea55b1e57c669f03"
					]
				}
			},
			"response": []
		},
		{
			"name": "Delete Coupon",
			"request": {
				"method": "DELETE",
				"header": [],
				"url": {
					"raw": "{{URL}}/coupon/647f3f9939843378c1a07f4f",
					"host": [
						"{{URL}}"
					],
					"path": [
						"coupon",
						"647f3f9939843378c1a07f4f"
					]
				}
			},
			"response": []
		},
		{
			"name": "Apply Coupon",
			"request": {
				"method": "POST",
				"header": [],
				"body": {
					"mode": "raw",
					"raw": "{\r\n    \"orderAmount\" : \"1000\" ,\r\n    \"couponId\" : \"647f490bea55b1e57c669f03\"\r\n}",
					"options": {
						"raw": {
							"language": "json"
						}
					}
				},
				"url": {
					"raw": "{{URL}}/coupon/apply",
					"host": [
						"{{URL}}"
					],
					"path": [
						"coupon",
						"apply"
					]
				}
			},
			"response": []
		}
	]
}