{
	"info": {
		"_postman_id": "5c27309c-788e-48dc-9394-457f21db5cb1",
		"name": "Orders",
		"schema": "https://schema.getpostman.com/json/collection/v2.1.0/collection.json",
		"_exporter_id": "17574990"
	},
	"item": [
		{
			"name": "Create Order",
			"request": {
				"method": "POST",
				"header": [],
				"body": {
					"mode": "raw",
					"raw": "{\r\n    \"orderItems\" : [\r\n        {\r\n            \"product\" : \"6460d081682e2aaa85f1f5c2\",\r\n            \"qty\" : 1\r\n        }\r\n    ] , \r\n    \"shippingInfo\" : {\r\n        \"address\" : \"test address\" ,\r\n        \"phone\" : \"03490394\"\r\n    } , \r\n    \"totalPrice\" : 1000 , \r\n    \"shippingPrice\" : 90\r\n}",
					"options": {
						"raw": {
							"language": "json"
						}
					}
				},
				"url": {
					"raw": "{{URL}}/order",
					"host": [
						"{{URL}}"
					],
					"path": [
						"order"
					]
				}
			},
			"response": []
		},
		{
			"name": "Get All Orders",
			"request": {
				"method": "GET",
				"header": [],
				"url": {
					"raw": "{{URL}}/order",
					"host": [
						"{{URL}}"
					],
					"path": [
						"order"
					]
				}
			},
			"response": []
		},
		{
			"name": "Get My Orders",
			"request": {
				"method": "GET",
				"header": [],
				"url": {
					"raw": "{{URL}}/order/my",
					"host": [
						"{{URL}}"
					],
					"path": [
						"order",
						"my"
					]
				}
			},
			"response": []
		},
		{
			"name": "Get Single Order",
			"request": {
				"method": "GET",
				"header": [],
				"url": {
					"raw": "{{URL}}/order/647f3702ccf1e31e343ef4e8",
					"host": [
						"{{URL}}"
					],
					"path": [
						"order",
						"647f3702ccf1e31e343ef4e8"
					]
				}
			},
			"response": []
		},
		{
			"name": "Update Order",
			"request": {
				"method": "PUT",
				"header": [],
				"body": {
					"mode": "raw",
					"raw": "{\r\n    \"orderStatus\" : \"processing\"\r\n}",
					"options": {
						"raw": {
							"language": "json"
						}
					}
				},
				"url": {
					"raw": "{{URL}}/order/647f3702ccf1e31e343ef4e8",
					"host": [
						"{{URL}}"
					],
					"path": [
						"order",
						"647f3702ccf1e31e343ef4e8"
					]
				}
			},
			"response": []
		},
		{
			"name": "Delete Request",
			"request": {
				"method": "DELETE",
				"header": [],
				"url": {
					"raw": "{{URL}}/order/647f3702ccf1e31e343ef4e8",
					"host": [
						"{{URL}}"
					],
					"path": [
						"order",
						"647f3702ccf1e31e343ef4e8"
					]
				}
			},
			"response": []
		}
	]
}