{
	"info": {
		"_postman_id": "779aea64-5779-45f8-91de-1ced78b37677",
		"name": "PreBooking",
		"schema": "https://schema.getpostman.com/json/collection/v2.1.0/collection.json",
		"_exporter_id": "17574990"
	},
	"item": [
		{
			"name": "Create Pre Booking",
			"request": {
				"auth": {
					"type": "bearer",
					"bearer": [
						{
							"key": "token",
							"value": "eyJhbGciOiJIUzI1NiIsInR5cCI6IkpXVCJ9.eyJfaWQiOiI2NDYwNGM3YTlmY2FkZjk2ZjlkM2RhZWYiLCJpYXQiOjE2ODYwNDU2NDksImV4cCI6MTY4NjY1MDQ0OX0.s1YFug_bWvS1CeV41mUaPz66oJhdpitPK26u-SbtZB4",
							"type": "string"
						}
					]
				},
				"method": "POST",
				"header": [],
				"body": {
					"mode": "raw",
					"raw": "{\r\n    \"driver\" : \"6470bba563eb2d83a332c287\" ,\r\n    \"location\" : \"test location\" ,\r\n    \"date\" : \"10 june 2023\"\r\n}",
					"options": {
						"raw": {
							"language": "json"
						}
					}
				},
				"url": {
					"raw": "{{URL}}/pre-booking",
					"host": [
						"{{URL}}"
					],
					"path": [
						"pre-booking"
					]
				}
			},
			"response": []
		},
		{
			"name": "Get My Bookings",
			"request": {
				"auth": {
					"type": "bearer",
					"bearer": [
						{
							"key": "token",
							"value": "eyJhbGciOiJIUzI1NiIsInR5cCI6IkpXVCJ9.eyJfaWQiOiI2NDYwNGM3YTlmY2FkZjk2ZjlkM2RhZWYiLCJpYXQiOjE2ODYwNDU2NDksImV4cCI6MTY4NjY1MDQ0OX0.s1YFug_bWvS1CeV41mUaPz66oJhdpitPK26u-SbtZB4",
							"type": "string"
						}
					]
				},
				"method": "GET",
				"header": [],
				"url": {
					"raw": "{{URL}}/pre-booking/my",
					"host": [
						"{{URL}}"
					],
					"path": [
						"pre-booking",
						"my"
					]
				}
			},
			"response": []
		},
		{
			"name": "Get Single Booking",
			"request": {
				"method": "GET",
				"header": [],
				"url": {
					"raw": "{{URL}}/pre-booking/647f03e450720f5382ae2701",
					"host": [
						"{{URL}}"
					],
					"path": [
						"pre-booking",
						"647f03e450720f5382ae2701"
					]
				}
			},
			"response": []
		},
		{
			"name": "Get All Bookings",
			"request": {
				"method": "GET",
				"header": [],
				"url": {
					"raw": "{{URL}}/pre-booking",
					"host": [
						"{{URL}}"
					],
					"path": [
						"pre-booking"
					]
				}
			},
			"response": []
		},
		{
			"name": "Update Booking",
			"request": {
				"method": "PUT",
				"header": [],
				"body": {
					"mode": "raw",
					"raw": "{\r\n    \"status\" : \"accepted\"\r\n}",
					"options": {
						"raw": {
							"language": "json"
						}
					}
				},
				"url": {
					"raw": "{{URL}}/pre-booking/647f03e450720f5382ae2701",
					"host": [
						"{{URL}}"
					],
					"path": [
						"pre-booking",
						"647f03e450720f5382ae2701"
					]
				}
			},
			"response": []
		},
		{
			"name": "Delete Booking",
			"request": {
				"method": "DELETE",
				"header": [],
				"url": {
					"raw": "{{URL}}/pre-booking/647f03e450720f5382ae2701",
					"host": [
						"{{URL}}"
					],
					"path": [
						"pre-booking",
						"647f03e450720f5382ae2701"
					]
				}
			},
			"response": []
		}
	]
}